0.000142,0.000177,0.000215,0.000263,0.000308,0.000352,0.000398,0.000445,0.000492,0.00054,0.000588,0.000638,0.00069,0.000742,0.000793,0.00085,0.000906,0.000962,0.000992,0.000992,0.000992,0.000992,0.000992,0.000992,0.000992,0.000992,0.000992,0.000992
0.000157,0.000193,0.000236,0.000284,0.000333,0.00038,0.000434,0.000482,0.000533,0.000581,0.000633,0.000688,0.00074,0.000792,0.000848,0.000907,0.000965,0.001022,0.001084,0.001148,0.001171,0.001171,0.001171,0.001171,0.001171,0.001171,0.001171,0.001171
0.000171,0.000214,0.000257,0.000306,0.000356,0.00041,0.000466,0.00052,0.000571,0.000625,0.000683,0.000739,0.000791,0.000843,0.000903,0.000962,0.001022,0.001081,0.001146,0.00121,0.001274,0.001338,0.00135,0.00135,0.00135,0.00135,0.00135,0.00135
0.000186,0.000229,0.000279,0.000329,0.000385,0.000445,0.000501,0.000561,0.000616,0.000673,0.000733,0.00079,0.000842,0.000906,0.000969,0.001031,0.001091,0.001152,0.001216,0.001281,0.001347,0.001414,0.001446,0.001446,0.001446,0.00149,0.001561,0.001632
0.000201,0.000252,0.000302,0.000356,0.000417,0.000477,0.000537,0.000598,0.000658,0.000719,0.00078,0.000841,0.000904,0.000968,0.001031,0.001095,0.001158,0.001224,0.00129,0.001357,0.001423,0.00149,0.001558,0.001629,0.0017,0.001772,0.001843,0.001915
0.000215,0.000266,0.000321,0.00038,0.000441,0.000506,0.000569,0.000631,0.000701,0.000769,0.000833,0.000894,0.000965,0.001035,0.001103,0.001167,0.00123,0.001299,0.001369,0.00144,0.001507,0.001574,0.001644,0.001723,0.001802,0.001876,0.001948,0.002019
0.000229,0.000287,0.000345,0.000406,0.000472,0.000538,0.000606,0.000675,0.000745,0.000813,0.00088,0.000948,0.001018,0.001089,0.001159,0.00123,0.0013,0.001371,0.001442,0.001513,0.001584,0.001655,0.001728,0.001807,0.001886,0.001965,0.002044,0.002123
0.000255,0.000313,0.000372,0.000434,0.0005,0.000573,0.000647,0.000722,0.000791,0.000859,0.000931,0.001007,0.001078,0.001148,0.001221,0.001298,0.001375,0.001448,0.001519,0.00159,0.001667,0.001744,0.001822,0.001901,0.00198,0.00206,0.00214,0.002221
0.00028,0.000341,0.000401,0.000464,0.000538,0.000612,0.000686,0.000761,0.000836,0.000913,0.00099,0.001066,0.001143,0.00122,0.001297,0.001374,0.001451,0.001528,0.001606,0.001684,0.001761,0.001839,0.001917,0.001997,0.002077,0.002157,0.002238,0.002318
0.000299,0.000366,0.000429,0.000496,0.000576,0.00065,0.000724,0.000801,0.000888,0.000967,0.001046,0.001131,0.001208,0.001285,0.001364,0.001449,0.001534,0.001616,0.001693,0.001771,0.001853,0.001938,0.002022,0.002102,0.002182,0.002265,0.002356,0.002447
0.000317,0.000385,0.000453,0.000526,0.000606,0.000686,0.000769,0.000855,0.000941,0.001026,0.001111,0.001195,0.001281,0.001366,0.001451,0.001536,0.001621,0.001706,0.00179,0.001874,0.001958,0.002042,0.002126,0.002217,0.002307,0.002398,0.002489,0.00258
0.000346,0.000413,0.000485,0.000561,0.000641,0.00073,0.000818,0.000905,0.000999,0.001093,0.001183,0.001268,0.001361,0.001454,0.001546,0.001631,0.001717,0.001805,0.001898,0.001991,0.002077,0.002162,0.002246,0.002341,0.002438,0.002534,0.002625,0.002716
0.000374,0.000447,0.00052,0.000599,0.000689,0.00078,0.000872,0.000965,0.001059,0.001153,0.001246,0.00134,0.001434,0.001527,0.00162,0.001714,0.001807,0.0019,0.001993,0.002086,0.002179,0.002272,0.002365,0.002461,0.002558,0.002655,0.002751,0.002848
0.000517,0.00059,0.000614,0.000636,0.000726,0.00082,0.000917,0.001017,0.001116,0.001212,0.001305,0.001399,0.001502,0.001606,0.001707,0.0018,0.001894,0.001987,0.00208,0.002173,0.002273,0.002377,0.002481,0.002589,0.002697,0.002803,0.0029,0.002997
0.000659,0.000659,0.000659,0.000673,0.000768,0.000862,0.000959,0.001059,0.001159,0.001258,0.001358,0.001458,0.001561,0.001665,0.001768,0.001871,0.001975,0.002078,0.002183,0.002287,0.002391,0.002495,0.002599,0.002707,0.002815,0.002923,0.003031,0.003139
0.000695,0.000685,0.000682,0.000712,0.000809,0.000903,0.001004,0.001108,0.001213,0.001313,0.001413,0.001513,0.001622,0.001731,0.001839,0.001942,0.002046,0.002157,0.002274,0.002391,0.002497,0.002601,0.002707,0.002825,0.002944,0.003058,0.003166,0.003275
0.000731,0.000721,0.00071,0.00075,0.000847,0.000944,0.001046,0.00115,0.001255,0.001359,0.001464,0.001569,0.001678,0.001787,0.001896,0.002005,0.002114,0.002229,0.002346,0.002464,0.002581,0.002698,0.002816,0.002934,0.003053,0.003171,0.00329,0.003408
0.000767,0.000757,0.000754,0.000801,0.000898,0.001001,0.001109,0.00122,0.001324,0.001429,0.001536,0.001647,0.001771,0.001894,0.002012,0.002121,0.00223,0.002352,0.00248,0.002609,0.002726,0.002844,0.002964,0.003092,0.00322,0.003343,0.003461,0.00358
0.000803,0.000803,0.000803,0.000854,0.000957,0.00106,0.001168,0.00128,0.001393,0.001503,0.001613,0.001724,0.001848,0.001971,0.002095,0.002218,0.002342,0.002468,0.002597,0.002725,0.002853,0.002981,0.003109,0.003238,0.003366,0.003494,0.003622,0.00375
0.000866,0.000866,0.000866,0.000907,0.00101,0.001117,0.001228,0.001342,0.001459,0.001577,0.00169,0.001806,0.001941,0.002077,0.002206,0.002329,0.002453,0.00259,0.002729,0.002866,0.002994,0.003122,0.003254,0.003389,0.003524,0.003652,0.00378,0.003879
0.000928,0.000928,0.000928,0.000961,0.001069,0.001176,0.001291,0.001409,0.001527,0.001644,0.001762,0.001886,0.002022,0.002157,0.002293,0.002428,0.002564,0.002703,0.002842,0.002982,0.003121,0.003261,0.003397,0.003531,0.003666,0.003801,0.003936,0.003998
0.00095,0.00095,0.00095,0.001003,0.001116,0.001224,0.001347,0.001472,0.001594,0.001712,0.001829,0.001962,0.002101,0.002238,0.002374,0.002509,0.002658,0.002808,0.002953,0.003092,0.003232,0.003385,0.003538,0.003684,0.003819,0.003954,0.004044,0.004044
0.000972,0.000972,0.000972,0.001043,0.001157,0.001273,0.001398,0.001523,0.001648,0.001773,0.001899,0.002037,0.002176,0.002314,0.002453,0.002595,0.002752,0.002906,0.003052,0.003198,0.003348,0.003516,0.00367,0.003816,0.003963,0.00409,0.00409,0.00409
0.001022,0.001022,0.001022,0.0011,0.001216,0.001334,0.001459,0.001584,0.001709,0.001834,0.00197,0.002113,0.002253,0.002392,0.002532,0.002689,0.002847,0.003004,0.003151,0.003305,0.003476,0.003646,0.003802,0.003948,0.003975,0.003975,0.003975,0.003975
0.001071,0.001071,0.001071,0.001154,0.001272,0.001394,0.00152,0.001645,0.00177,0.001898,0.002041,0.002184,0.002326,0.002469,0.002625,0.002783,0.002941,0.003098,0.003263,0.003434,0.003604,0.003775,0.003859,0.003859,0.003859,0.003859,0.003859,0.003859
0.001103,0.001103,0.001103,0.001209,0.001326,0.001455,0.001587,0.001714,0.00184,0.001979,0.00213,0.002279,0.002421,0.002572,0.002741,0.002909,0.003066,0.003224,0.003395,0.003566,0.003737,0.003908,0.003916,0.003916,0.003916,0.003916,0.003916,0.003916
0.001134,0.001134,0.001148,0.001265,0.001381,0.001511,0.001643,0.001775,0.001908,0.002057,0.002209,0.002361,0.002513,0.002676,0.002846,0.003015,0.003185,0.003355,0.003527,0.003698,0.00387,0.003973,0.003973,0.003973,0.003973,0.003973,0.003973,0.003973
0.001196,0.001196,0.001213,0.001336,0.001452,0.001584,0.001717,0.00185,0.001982,0.002151,0.002322,0.002475,0.002627,0.002796,0.00297,0.00314,0.003309,0.003489,0.003671,0.003845,0.004017,0.004062,0.004062,0.004062,0.004062,0.004062,0.004062,0.004062
0.001257,0.001257,0.001278,0.0014,0.001523,0.001656,0.00179,0.001923,0.002059,0.002229,0.0024,0.00257,0.002741,0.002914,0.003087,0.003261,0.003435,0.003618,0.0038,0.003982,0.00415,0.00415,0.00415,0.00415,0.00415,0.00415,0.00415,0.00415
0.001304,0.001304,0.001342,0.001467,0.001592,0.001735,0.001877,0.00201,0.00215,0.002326,0.0025,0.00267,0.002842,0.003019,0.003194,0.003368,0.003552,0.003755,0.003948,0.00413,0.004233,0.004233,0.004233,0.004233,0.004233,0.004233,0.004233,0.004233
0.00135,0.00135,0.001407,0.001532,0.001662,0.001805,0.001948,0.00209,0.002241,0.002417,0.002592,0.002768,0.002944,0.003121,0.003297,0.003473,0.003667,0.003869,0.004072,0.004275,0.004315,0.004315,0.004315,0.004315,0.004315,0.004315,0.004315,0.004315
