time_s,v_ms,dv_ms2,gear,x_tot_m
1,0.0,0.0,0,0.0
2,0.0,0.0,0,0.0
3,0.0,0.0,0,0.0
4,0.0,0.0,0,0.0
5,0.0,0.0,0,0.0
6,0.0,0.0,0,0.0
7,0.0,0.0,0,0.0
8,0.0,0.0,0,0.0
9,0.0,0.0,0,0.0
10,0.0,0.0,0,0.0
11,0.0,0.0,0,0.0
12,0.0,0.0,0,0.0
13,0.0,0.0,0,0.0
14,0.0,0.0,0,0.0
15,0.0,0.0,0,0.0
16,0.0,0.0,0,0.0
17,0.0,0.0,0,0.0
18,0.0,0.0,0,0.0
19,0.0,0.0,0,0.0
20,0.0,0.0,0,0.0
21,0.0,0.0,0,0.0
22,0.0,0.0,0,0.0
23,0.0,0.0,0,0.0
24,0.0,0.0,0,0.0
25,0.0,0.0,0,0.0
26,0.0,0.0,0,0.0
27,0.0,0.0,0,0.0
28,0.0,0.0,0,0.0
29,0.0,0.0,0,0.0
30,0.0,0.0,0,0.0
31,0.0,0.0,0,0.0
32,0.0,0.0,0,0.0
33,0.0,0.0,0,0.0
34,0.0,0.0,0,0.0
35,0.0,0.0,0,0.0
36,0.0,0.0,0,0.0
37,0.0,0.0,0,0.0
38,0.0,0.0,0,0.0
39,0.0,0.0,0,0.0
40,0.0,0.0,0,0.0
41,0.0,0.0,0,0.0
42,0.0,0.0,0,0.0
43,0.0,0.0,0,0.0
44,0.0,0.0,0,0.0
45,0.0,0.0,0,0.0
46,0.0,0.0,0,0.0
47,0.0,0.0,0,0.0
48,0.0,0.0,0,0.0
49,0.0,0.0,0,0.0
50,0.0,0.0,0,0.0
51,0.0,0.0,0,0.0
52,0.0,1.0416666666666667,0,0.0
53,1.0416666666666667,1.0416666666666667,1,0.5208333333333334
54,2.0833333333333335,1.0416666666666665,1,2.0833333333333335
55,3.125,1.041666666666667,1,4.6875
56,4.166666666666667,0.0,1,8.333333333333334
57,4.166666666666667,0.0,1,12.5
58,4.166666666666667,0.0,1,16.666666666666668
59,4.166666666666667,0.0,1,20.833333333333336
60,4.166666666666667,0.0,1,25.000000000000004
61,4.166666666666667,0.0,1,29.16666666666667
62,4.166666666666667,0.0,1,33.333333333333336
63,4.166666666666667,0.0,1,37.5
64,4.166666666666667,-0.6944444444444446,1,41.666666666666664
65,3.4722222222222223,-0.6944444444444446,1,45.48611111111111
66,2.7777777777777777,-0.9259166666666667,1,48.61111111111111
67,1.851861111111111,-0.9259444444444443,1,50.92593055555555
68,0.9259166666666666,-0.9259166666666666,0,52.31481944444444
69,0.0,0.0,0,52.77777777777777
70,0.0,0.0,0,52.77777777777777
71,0.0,0.0,0,52.77777777777777
72,0.0,0.0,0,52.77777777777777
73,0.0,0.0,0,52.77777777777777
74,0.0,0.0,0,52.77777777777777
75,0.0,0.0,0,52.77777777777777
76,0.0,0.0,0,52.77777777777777
77,0.0,0.0,0,52.77777777777777
78,0.0,0.0,0,52.77777777777777
79,0.0,0.0,0,52.77777777777777
80,0.0,0.0,0,52.77777777777777
81,0.0,0.0,0,52.77777777777777
82,0.0,0.0,0,52.77777777777777
83,0.0,0.0,0,52.77777777777777
84,0.0,0.0,0,52.77777777777777
85,0.0,0.0,0,52.77777777777777
86,0.0,0.0,0,52.77777777777777
87,0.0,0.0,0,52.77777777777777
88,0.0,0.0,0,52.77777777777777
89,0.0,0.0,0,52.77777777777777
90,0.0,0.74075,0,52.77777777777777
91,0.74075,0.7407222222222223,1,53.148152777777774
92,1.4814722222222223,0.74075,1,54.25926388888889
93,2.2222222222222223,0.7407499999999998,1,56.111111111111114
94,2.962972222222222,0.7407222222222223,1,58.70370833333334
95,3.7036944444444444,0.7407500000000002,1,62.037041666666674
96,4.444444444444445,0.7407499999999994,1,66.11111111111111
97,5.185194444444444,0.7407222222222227,1,70.92593055555555
98,5.925916666666667,0.7407499999999994,1,76.48148611111111
99,6.666666666666666,0.7407500000000002,1,82.77777777777777
100,7.407416666666666,0.7407222222222227,1,89.81481944444444
101,8.148138888888889,0.7407500000000002,1,97.59259722222221
102,8.88888888888889,0.0,2,106.1111111111111
103,8.88888888888889,0.0,2,114.99999999999999
104,8.88888888888889,0.0,2,123.88888888888887
105,8.88888888888889,0.0,2,132.77777777777777
106,8.88888888888889,0.0,2,141.66666666666666
107,8.88888888888889,0.0,2,150.55555555555554
108,8.88888888888889,0.0,2,159.44444444444443
109,8.88888888888889,0.0,2,168.33333333333331
110,8.88888888888889,0.0,2,177.2222222222222
111,8.88888888888889,0.0,2,186.1111111111111
112,8.88888888888889,0.0,2,194.99999999999997
113,8.88888888888889,0.0,2,203.88888888888886
114,8.88888888888889,0.0,2,212.77777777777774
115,8.88888888888889,0.0,2,221.66666666666663
116,8.88888888888889,0.0,2,230.55555555555551
117,8.88888888888889,0.0,2,239.4444444444444
118,8.88888888888889,0.0,2,248.3333333333333
119,8.88888888888889,0.0,2,257.2222222222222
120,8.88888888888889,0.0,2,266.1111111111111
121,8.88888888888889,0.0,2,275.0
122,8.88888888888889,0.0,2,283.8888888888889
123,8.88888888888889,0.0,2,292.7777777777778
124,8.88888888888889,0.0,2,301.66666666666674
125,8.88888888888889,0.0,2,310.55555555555566
126,8.88888888888889,-0.8080833333333342,2,319.44444444444457
127,8.080805555555555,-0.8080833333333333,2,327.9292916666668
128,7.272722222222222,-0.8080833333333333,2,335.6060555555557
129,6.464638888888889,-0.8080833333333324,1,342.47473611111127
130,5.656555555555556,-0.8080833333333342,1,348.5353333333335
131,4.848472222222222,-0.8080555555555557,1,353.78784722222235
132,4.040416666666666,-0.8080833333333333,1,358.2322916666668
133,3.232333333333333,-0.8080833333333333,1,361.8686666666668
134,2.42425,-0.8080833333333333,1,364.69695833333344
135,1.6161666666666665,-0.8080833333333333,0,366.7171666666668
136,0.8080833333333333,-0.8080833333333333,0,367.9292916666668
137,0.0,0.0,0,368.3333333333335
138,0.0,0.0,0,368.3333333333335
139,0.0,0.0,0,368.3333333333335
140,0.0,0.0,0,368.3333333333335
141,0.0,0.0,0,368.3333333333335
142,0.0,0.0,0,368.3333333333335
143,0.0,0.0,0,368.3333333333335
144,0.0,0.0,0,368.3333333333335
145,0.0,0.0,0,368.3333333333335
146,0.0,0.0,0,368.3333333333335
147,0.0,0.0,0,368.3333333333335
148,0.0,0.0,0,368.3333333333335
149,0.0,0.0,0,368.3333333333335
150,0.0,0.0,0,368.3333333333335
151,0.0,0.0,0,368.3333333333335
152,0.0,0.0,0,368.3333333333335
153,0.0,0.0,0,368.3333333333335
154,0.0,0.0,0,368.3333333333335
155,0.0,0.0,0,368.3333333333335
156,0.0,0.0,0,368.3333333333335
157,0.0,0.0,0,368.3333333333335
158,0.0,0.5341944444444444,0,368.3333333333335
159,0.5341944444444444,0.5341944444444444,1,368.6004305555557
160,1.0683888888888888,0.5341666666666667,1,369.40172222222236
161,1.6025555555555555,0.5341944444444446,1,370.7371944444446
162,2.13675,0.5341944444444442,1,372.60684722222237
163,2.6709444444444443,0.5341944444444446,1,375.0106944444446
164,3.205138888888889,0.5341666666666662,1,377.94873611111126
165,3.739305555555555,0.5341944444444451,1,381.4209583333335
166,4.2735,0.5341944444444442,1,385.4273611111113
167,4.8076944444444445,0.5341944444444442,1,389.9679583333335
168,5.341888888888889,0.5341666666666667,1,395.0427500000002
169,5.876055555555555,0.5341944444444442,1,400.6517222222224
170,6.41025,0.5341944444444451,1,406.7948750000002
171,6.944444444444445,0.5341944444444442,1,413.47222222222246
172,7.478638888888889,0.5341944444444442,1,420.68376388888913
173,8.012833333333333,0.5341666666666676,1,428.42950000000025
174,8.547,0.5341944444444451,2,436.7094166666669
175,9.081194444444446,0.5341944444444433,2,445.52351388888917
176,9.615388888888889,0.5341944444444433,2,454.87180555555585
177,10.149583333333332,0.5341666666666676,2,464.754291666667
178,10.68375,0.5341944444444433,2,475.17095833333366
179,11.217944444444443,0.5341944444444451,3,486.12180555555585
180,11.752138888888888,0.5341944444444451,3,497.60684722222254
181,12.286333333333333,0.5341666666666658,3,509.62608333333367
182,12.8205,0.5341944444444451,3,522.1795000000003
183,13.354694444444444,0.5341944444444451,3,535.2670972222226
184,13.88888888888889,0.0,3,548.8888888888893
185,13.88888888888889,0.0,3,562.7777777777782
186,13.88888888888889,0.0,3,576.6666666666671
187,13.88888888888889,0.0,3,590.555555555556
188,13.88888888888889,0.0,3,604.4444444444449
189,13.88888888888889,0.0,3,618.3333333333338
190,13.88888888888889,0.0,3,632.2222222222227
191,13.88888888888889,0.0,3,646.1111111111117
192,13.88888888888889,0.0,3,660.0000000000006
193,13.88888888888889,0.0,3,673.8888888888895
194,13.88888888888889,0.0,3,687.7777777777784
195,13.88888888888889,0.0,3,701.6666666666673
196,13.88888888888889,-0.5208333333333339,3,715.5555555555562
197,13.368055555555555,-0.5208333333333339,3,729.1840277777784
198,12.847222222222221,-0.5208333333333321,3,742.2916666666673
199,12.32638888888889,-0.5208333333333339,3,754.8784722222229
200,11.805555555555555,-0.5208333333333339,3,766.944444444445
201,11.284722222222221,-0.5208333333333321,3,778.4895833333339
202,10.76388888888889,-0.5208333333333339,2,789.5138888888895
203,10.243055555555555,-0.5208333333333339,2,800.0173611111117
204,9.722222222222221,0.0,2,810.0000000000006
205,9.722222222222221,0.0,2,819.7222222222227
206,9.722222222222221,0.0,2,829.4444444444449
207,9.722222222222221,0.0,2,839.1666666666671
208,9.722222222222221,0.0,2,848.8888888888893
209,9.722222222222221,0.0,2,858.6111111111114
210,9.722222222222221,0.0,2,868.3333333333336
211,9.722222222222221,0.0,2,878.0555555555558
212,9.722222222222221,0.0,2,887.7777777777779
213,9.722222222222221,0.0,2,897.5000000000001
214,9.722222222222221,0.0,2,907.2222222222223
215,9.722222222222221,0.0,2,916.9444444444445
216,9.722222222222221,0.0,2,926.6666666666666
217,9.722222222222221,0.0,2,936.3888888888888
218,9.722222222222221,0.0,2,946.111111111111
219,9.722222222222221,-0.9722222222222214,2,955.8333333333331
220,8.75,-0.9722222222222223,2,965.0694444444442
221,7.777777777777778,-0.9722222222222223,2,973.3333333333331
222,6.805555555555555,-0.9722222222222223,2,980.6249999999998
223,5.833333333333333,-0.9722222222222223,1,986.9444444444442
224,4.861111111111111,-0.9722222222222219,1,992.2916666666664
225,3.888888888888889,-0.9722222222222223,1,996.6666666666664
226,2.9166666666666665,-0.9722222222222221,1,1000.0694444444442
227,1.9444444444444444,-0.9722222222222222,1,1002.4999999999998
228,0.9722222222222222,-0.9722222222222222,0,1003.9583333333331
229,0.0,0.0,0,1004.4444444444442
230,0.0,0.0,0,1004.4444444444442
231,0.0,0.0,0,1004.4444444444442
232,0.0,0.0,0,1004.4444444444442
233,0.0,0.0,0,1004.4444444444442
234,0.0,0.0,0,1004.4444444444442
235,0.0,0.0,0,1004.4444444444442
236,0.0,0.0,0,1004.4444444444442
237,0.0,0.0,0,1004.4444444444442
238,0.0,0.0,0,1004.4444444444442
239,0.0,0.0,0,1004.4444444444442
240,0.0,0.0,0,1004.4444444444442
241,0.0,0.0,0,1004.4444444444442
242,0.0,0.0,0,1004.4444444444442
243,0.0,0.0,0,1004.4444444444442
244,0.0,0.0,0,1004.4444444444442
245,0.0,0.0,0,1004.4444444444442
246,0.0,0.0,0,1004.4444444444442
247,0.0,1.0416666666666667,0,1004.4444444444442
248,1.0416666666666667,1.0416666666666667,1,1004.9652777777776
249,2.0833333333333335,1.0416666666666665,1,1006.5277777777776
250,3.125,1.041666666666667,1,1009.1319444444442
251,4.166666666666667,0.0,1,1012.7777777777776
252,4.166666666666667,0.0,1,1016.9444444444442
253,4.166666666666667,0.0,1,1021.1111111111109
254,4.166666666666667,0.0,1,1025.2777777777776
255,4.166666666666667,0.0,1,1029.4444444444443
256,4.166666666666667,0.0,1,1033.611111111111
257,4.166666666666667,0.0,1,1037.7777777777778
258,4.166666666666667,0.0,1,1041.9444444444446
259,4.166666666666667,-0.6944444444444446,1,1046.1111111111113
260,3.4722222222222223,-0.6944444444444446,1,1049.9305555555557
261,2.7777777777777777,-0.9259166666666667,1,1053.0555555555557
262,1.851861111111111,-0.9259444444444443,1,1055.3703750000002
263,0.9259166666666666,-0.9259166666666666,0,1056.759263888889
264,0.0,0.0,0,1057.2222222222224
265,0.0,0.0,0,1057.2222222222224
266,0.0,0.0,0,1057.2222222222224
267,0.0,0.0,0,1057.2222222222224
268,0.0,0.0,0,1057.2222222222224
269,0.0,0.0,0,1057.2222222222224
270,0.0,0.0,0,1057.2222222222224
271,0.0,0.0,0,1057.2222222222224
272,0.0,0.0,0,1057.2222222222224
273,0.0,0.0,0,1057.2222222222224
274,0.0,0.0,0,1057.2222222222224
275,0.0,0.0,0,1057.2222222222224
276,0.0,0.0,0,1057.2222222222224
277,0.0,0.0,0,1057.2222222222224
278,0.0,0.0,0,1057.2222222222224
279,0.0,0.0,0,1057.2222222222224
280,0.0,0.0,0,1057.2222222222224
281,0.0,0.0,0,1057.2222222222224
282,0.0,0.0,0,1057.2222222222224
283,0.0,0.0,0,1057.2222222222224
284,0.0,0.0,0,1057.2222222222224
285,0.0,0.74075,0,1057.2222222222224
286,0.74075,0.7407222222222223,1,1057.5925972222224
287,1.4814722222222223,0.74075,1,1058.7037083333335
288,2.2222222222222223,0.7407499999999998,1,1060.5555555555557
289,2.962972222222222,0.7407222222222223,1,1063.1481527777778
290,3.7036944444444444,0.7407500000000002,1,1066.481486111111
291,4.444444444444445,0.7407499999999994,1,1070.5555555555554
292,5.185194444444444,0.7407222222222227,1,1075.370375
293,5.925916666666667,0.7407499999999994,1,1080.9259305555556
294,6.666666666666666,0.7407500000000002,1,1087.2222222222224
295,7.407416666666666,0.7407222222222227,1,1094.259263888889
296,8.148138888888889,0.7407500000000002,1,1102.037041666667
297,8.88888888888889,0.0,2,1110.5555555555559
298,8.88888888888889,0.0,2,1119.4444444444448
299,8.88888888888889,0.0,2,1128.3333333333337
300,8.88888888888889,0.0,2,1137.2222222222226
301,8.88888888888889,0.0,2,1146.1111111111115
302,8.88888888888889,0.0,2,1155.0000000000005
303,8.88888888888889,0.0,2,1163.8888888888894
304,8.88888888888889,0.0,2,1172.7777777777783
305,8.88888888888889,0.0,2,1181.6666666666672
306,8.88888888888889,0.0,2,1190.555555555556
307,8.88888888888889,0.0,2,1199.444444444445
308,8.88888888888889,0.0,2,1208.333333333334
309,8.88888888888889,0.0,2,1217.2222222222229
310,8.88888888888889,0.0,2,1226.1111111111118
311,8.88888888888889,0.0,2,1235.0000000000007
312,8.88888888888889,0.0,2,1243.8888888888896
313,8.88888888888889,0.0,2,1252.7777777777785
314,8.88888888888889,0.0,2,1261.6666666666674
315,8.88888888888889,0.0,2,1270.5555555555563
316,8.88888888888889,0.0,2,1279.4444444444453
317,8.88888888888889,0.0,2,1288.3333333333342
318,8.88888888888889,0.0,2,1297.222222222223
319,8.88888888888889,0.0,2,1306.111111111112
320,8.88888888888889,0.0,2,1315.000000000001
321,8.88888888888889,-0.8080833333333342,2,1323.8888888888898
322,8.080805555555555,-0.8080833333333333,2,1332.373736111112
323,7.272722222222222,-0.8080833333333333,2,1340.050500000001
324,6.464638888888889,-0.8080833333333324,1,1346.9191805555565
325,5.656555555555556,-0.8080833333333342,1,1352.9797777777787
326,4.848472222222222,-0.8080555555555557,1,1358.2322916666676
327,4.040416666666666,-0.8080833333333333,1,1362.676736111112
328,3.232333333333333,-0.8080833333333333,1,1366.313111111112
329,2.42425,-0.8080833333333333,1,1369.1414027777787
330,1.6161666666666665,-0.8080833333333333,0,1371.161611111112
331,0.8080833333333333,-0.8080833333333333,0,1372.373736111112
332,0.0,0.0,0,1372.7777777777787
333,0.0,0.0,0,1372.7777777777787
334,0.0,0.0,0,1372.7777777777787
335,0.0,0.0,0,1372.7777777777787
336,0.0,0.0,0,1372.7777777777787
337,0.0,0.0,0,1372.7777777777787
338,0.0,0.0,0,1372.7777777777787
339,0.0,0.0,0,1372.7777777777787
340,0.0,0.0,0,1372.7777777777787
341,0.0,0.0,0,1372.7777777777787
342,0.0,0.0,0,1372.7777777777787
343,0.0,0.0,0,1372.7777777777787
344,0.0,0.0,0,1372.7777777777787
345,0.0,0.0,0,1372.7777777777787
346,0.0,0.0,0,1372.7777777777787
347,0.0,0.0,0,1372.7777777777787
348,0.0,0.0,0,1372.7777777777787
349,0.0,0.0,0,1372.7777777777787
350,0.0,0.0,0,1372.7777777777787
351,0.0,0.0,0,1372.7777777777787
352,0.0,0.0,0,1372.7777777777787
353,0.0,0.5341944444444444,0,1372.7777777777787
354,0.5341944444444444,0.5341944444444444,1,1373.044875000001
355,1.0683888888888888,0.5341666666666667,1,1373.8461666666676
356,1.6025555555555555,0.5341944444444446,1,1375.18163888889
357,2.13675,0.5341944444444442,1,1377.0512916666676
358,2.6709444444444443,0.5341944444444446,1,1379.4551388888897
359,3.205138888888889,0.5341666666666662,1,1382.3931805555565
360,3.739305555555555,0.5341944444444451,1,1385.8654027777786
361,4.2735,0.5341944444444442,1,1389.8718055555564
362,4.8076944444444445,0.5341944444444442,1,1394.4124027777787
363,5.341888888888889,0.5341666666666667,1,1399.4871944444453
364,5.876055555555555,0.5341944444444442,1,1405.0961666666676
365,6.41025,0.5341944444444451,1,1411.2393194444453
366,6.944444444444445,0.5341944444444442,1,1417.9166666666674
367,7.478638888888889,0.5341944444444442,1,1425.128208333334
368,8.012833333333333,0.5341666666666676,1,1432.873944444445
369,8.547,0.5341944444444451,2,1441.1538611111116
370,9.081194444444446,0.5341944444444433,2,1449.9679583333339
371,9.615388888888889,0.5341944444444433,2,1459.3162500000005
372,10.149583333333332,0.5341666666666676,2,1469.1987361111117
373,10.68375,0.5341944444444433,2,1479.6154027777784
374,11.217944444444443,0.5341944444444451,3,1490.5662500000005
375,11.752138888888888,0.5341944444444451,3,1502.051291666667
376,12.286333333333333,0.5341666666666658,3,1514.0705277777781
377,12.8205,0.5341944444444451,3,1526.6239444444448
378,13.354694444444444,0.5341944444444451,3,1539.711541666667
379,13.88888888888889,0.0,3,1553.3333333333337
380,13.88888888888889,0.0,3,1567.2222222222226
381,13.88888888888889,0.0,3,1581.1111111111115
382,13.88888888888889,0.0,3,1595.0000000000005
383,13.88888888888889,0.0,3,1608.8888888888894
384,13.88888888888889,0.0,3,1622.7777777777783
385,13.88888888888889,0.0,3,1636.6666666666672
386,13.88888888888889,0.0,3,1650.555555555556
387,13.88888888888889,0.0,3,1664.444444444445
388,13.88888888888889,0.0,3,1678.333333333334
389,13.88888888888889,0.0,3,1692.2222222222229
390,13.88888888888889,0.0,3,1706.1111111111118
391,13.88888888888889,-0.5208333333333339,3,1720.0000000000007
392,13.368055555555555,-0.5208333333333339,3,1733.6284722222229
393,12.847222222222221,-0.5208333333333321,3,1746.7361111111118
394,12.32638888888889,-0.5208333333333339,3,1759.3229166666674
395,11.805555555555555,-0.5208333333333339,3,1771.3888888888896
396,11.284722222222221,-0.5208333333333321,3,1782.9340277777785
397,10.76388888888889,-0.5208333333333339,2,1793.9583333333342
398,10.243055555555555,-0.5208333333333339,2,1804.4618055555563
399,9.722222222222221,0.0,2,1814.4444444444453
400,9.722222222222221,0.0,2,1824.1666666666674
401,9.722222222222221,0.0,2,1833.8888888888896
402,9.722222222222221,0.0,2,1843.6111111111118
403,9.722222222222221,0.0,2,1853.333333333334
404,9.722222222222221,0.0,2,1863.055555555556
405,9.722222222222221,0.0,2,1872.7777777777783
406,9.722222222222221,0.0,2,1882.5000000000005
407,9.722222222222221,0.0,2,1892.2222222222226
408,9.722222222222221,0.0,2,1901.9444444444448
409,9.722222222222221,0.0,2,1911.666666666667
410,9.722222222222221,0.0,2,1921.3888888888891
411,9.722222222222221,0.0,2,1931.1111111111113
412,9.722222222222221,0.0,2,1940.8333333333335
413,9.722222222222221,0.0,2,1950.5555555555557
414,9.722222222222221,-0.9722222222222214,2,1960.2777777777778
415,8.75,-0.9722222222222223,2,1969.513888888889
416,7.777777777777778,-0.9722222222222223,2,1977.7777777777778
417,6.805555555555555,-0.9722222222222223,2,1985.0694444444446
418,5.833333333333333,-0.9722222222222223,1,1991.388888888889
419,4.861111111111111,-0.9722222222222219,1,1996.736111111111
420,3.888888888888889,-0.9722222222222223,1,2001.111111111111
421,2.9166666666666665,-0.9722222222222221,1,2004.513888888889
422,1.9444444444444444,-0.9722222222222222,1,2006.9444444444446
423,0.9722222222222222,-0.9722222222222222,0,2008.4027777777778
424,0.0,0.0,0,2008.888888888889
425,0.0,0.0,0,2008.888888888889
426,0.0,0.0,0,2008.888888888889
427,0.0,0.0,0,2008.888888888889
428,0.0,0.0,0,2008.888888888889
429,0.0,0.0,0,2008.888888888889
430,0.0,0.0,0,2008.888888888889
431,0.0,0.0,0,2008.888888888889
432,0.0,0.0,0,2008.888888888889
433,0.0,0.0,0,2008.888888888889
434,0.0,0.0,0,2008.888888888889
435,0.0,0.0,0,2008.888888888889
436,0.0,0.0,0,2008.888888888889
437,0.0,0.0,0,2008.888888888889
438,0.0,0.0,0,2008.888888888889
439,0.0,0.0,0,2008.888888888889
440,0.0,0.0,0,2008.888888888889
441,0.0,0.0,0,2008.888888888889
442,0.0,1.0416666666666667,0,2008.888888888889
443,1.0416666666666667,1.0416666666666667,1,2009.4097222222222
444,2.0833333333333335,1.0416666666666665,1,2010.9722222222222
445,3.125,1.041666666666667,1,2013.576388888889
446,4.166666666666667,0.0,1,2017.2222222222222
447,4.166666666666667,0.0,1,2021.388888888889
448,4.166666666666667,0.0,1,2025.5555555555557
449,4.166666666666667,0.0,1,2029.7222222222224
450,4.166666666666667,0.0,1,2033.8888888888891
451,4.166666666666667,0.0,1,2038.0555555555559
452,4.166666666666667,0.0,1,2042.2222222222226
453,4.166666666666667,0.0,1,2046.3888888888894
454,4.166666666666667,-0.6944444444444446,1,2050.555555555556
455,3.4722222222222223,-0.6944444444444446,1,2054.3750000000005
456,2.7777777777777777,-0.9259166666666667,1,2057.5000000000005
457,1.851861111111111,-0.9259444444444443,1,2059.8148194444448
458,0.9259166666666666,-0.9259166666666666,0,2061.2037083333335
459,0.0,0.0,0,2061.666666666667
460,0.0,0.0,0,2061.666666666667
461,0.0,0.0,0,2061.666666666667
462,0.0,0.0,0,2061.666666666667
463,0.0,0.0,0,2061.666666666667
464,0.0,0.0,0,2061.666666666667
465,0.0,0.0,0,2061.666666666667
466,0.0,0.0,0,2061.666666666667
467,0.0,0.0,0,2061.666666666667
468,0.0,0.0,0,2061.666666666667
469,0.0,0.0,0,2061.666666666667
470,0.0,0.0,0,2061.666666666667
471,0.0,0.0,0,2061.666666666667
472,0.0,0.0,0,2061.666666666667
473,0.0,0.0,0,2061.666666666667
474,0.0,0.0,0,2061.666666666667
475,0.0,0.0,0,2061.666666666667
476,0.0,0.0,0,2061.666666666667
477,0.0,0.0,0,2061.666666666667
478,0.0,0.0,0,2061.666666666667
479,0.0,0.0,0,2061.666666666667
480,0.0,0.74075,0,2061.666666666667
481,0.74075,0.7407222222222223,1,2062.037041666667
482,1.4814722222222223,0.74075,1,2063.1481527777783
483,2.2222222222222223,0.7407499999999998,1,2065.0000000000005
484,2.962972222222222,0.7407222222222223,1,2067.5925972222226
485,3.7036944444444444,0.7407500000000002,1,2070.925930555556
486,4.444444444444445,0.7407499999999994,1,2075.0000000000005
487,5.185194444444444,0.7407222222222227,1,2079.8148194444448
488,5.925916666666667,0.7407499999999994,1,2085.3703750000004
489,6.666666666666666,0.7407500000000002,1,2091.666666666667
490,7.407416666666666,0.7407222222222227,1,2098.7037083333335
491,8.148138888888889,0.7407500000000002,1,2106.4814861111113
492,8.88888888888889,0.0,2,2115.0
493,8.88888888888889,0.0,2,2123.8888888888887
494,8.88888888888889,0.0,2,2132.7777777777774
495,8.88888888888889,0.0,2,2141.666666666666
496,8.88888888888889,0.0,2,2150.5555555555547
497,8.88888888888889,0.0,2,2159.4444444444434
498,8.88888888888889,0.0,2,2168.333333333332
499,8.88888888888889,0.0,2,2177.222222222221
500,8.88888888888889,0.0,2,2186.1111111111095
501,8.88888888888889,0.0,2,2194.999999999998
502,8.88888888888889,0.0,2,2203.888888888887
503,8.88888888888889,0.0,2,2212.7777777777756
504,8.88888888888889,0.0,2,2221.6666666666642
505,8.88888888888889,0.0,2,2230.555555555553
506,8.88888888888889,0.0,2,2239.4444444444416
507,8.88888888888889,0.0,2,2248.3333333333303
508,8.88888888888889,0.0,2,2257.222222222219
509,8.88888888888889,0.0,2,2266.1111111111077
510,8.88888888888889,0.0,2,2274.9999999999964
511,8.88888888888889,0.0,2,2283.888888888885
512,8.88888888888889,0.0,2,2292.7777777777737
513,8.88888888888889,0.0,2,2301.6666666666624
514,8.88888888888889,0.0,2,2310.555555555551
515,8.88888888888889,0.0,2,2319.44444444444
516,8.88888888888889,-0.8080833333333342,2,2328.3333333333285
517,8.080805555555555,-0.8080833333333333,2,2336.8181805555505
518,7.272722222222222,-0.8080833333333333,2,2344.494944444439
519,6.464638888888889,-0.8080833333333324,1,2351.3636249999945
520,5.656555555555556,-0.8080833333333342,1,2357.424222222217
521,4.848472222222222,-0.8080555555555557,1,2362.676736111106
522,4.040416666666666,-0.8080833333333333,1,2367.1211805555504
523,3.232333333333333,-0.8080833333333333,1,2370.7575555555504
524,2.42425,-0.8080833333333333,1,2373.585847222217
525,1.6161666666666665,-0.8080833333333333,0,2375.6060555555505
526,0.8080833333333333,-0.8080833333333333,0,2376.8181805555505
527,0.0,0.0,0,2377.222222222217
528,0.0,0.0,0,2377.222222222217
529,0.0,0.0,0,2377.222222222217
530,0.0,0.0,0,2377.222222222217
531,0.0,0.0,0,2377.222222222217
532,0.0,0.0,0,2377.222222222217
533,0.0,0.0,0,2377.222222222217
534,0.0,0.0,0,2377.222222222217
535,0.0,0.0,0,2377.222222222217
536,0.0,0.0,0,2377.222222222217
537,0.0,0.0,0,2377.222222222217
538,0.0,0.0,0,2377.222222222217
539,0.0,0.0,0,2377.222222222217
540,0.0,0.0,0,2377.222222222217
541,0.0,0.0,0,2377.222222222217
542,0.0,0.0,0,2377.222222222217
543,0.0,0.0,0,2377.222222222217
544,0.0,0.0,0,2377.222222222217
545,0.0,0.0,0,2377.222222222217
546,0.0,0.0,0,2377.222222222217
547,0.0,0.0,0,2377.222222222217
548,0.0,0.5341944444444444,0,2377.222222222217
549,0.5341944444444444,0.5341944444444444,1,2377.4893194444394
550,1.0683888888888888,0.5341666666666667,1,2378.290611111106
551,1.6025555555555555,0.5341944444444446,1,2379.626083333328
552,2.13675,0.5341944444444442,1,2381.495736111106
553,2.6709444444444443,0.5341944444444446,1,2383.8995833333283
554,3.205138888888889,0.5341666666666662,1,2386.837624999995
555,3.739305555555555,0.5341944444444451,1,2390.3098472222173
556,4.2735,0.5341944444444442,1,2394.316249999995
557,4.8076944444444445,0.5341944444444442,1,2398.856847222217
558,5.341888888888889,0.5341666666666667,1,2403.9316388888833
559,5.876055555555555,0.5341944444444442,1,2409.5406111111056
560,6.41025,0.5341944444444451,1,2415.6837638888833
561,6.944444444444445,0.5341944444444442,1,2422.3611111111054
562,7.478638888888889,0.5341944444444442,1,2429.572652777772
563,8.012833333333333,0.5341666666666676,1,2437.318388888883
564,8.547,0.5341944444444451,2,2445.59830555555
565,9.081194444444446,0.5341944444444433,2,2454.412402777772
566,9.615388888888889,0.5341944444444433,2,2463.7606944444387
567,10.149583333333332,0.5341666666666676,2,2473.64318055555
568,10.68375,0.5341944444444433,2,2484.0598472222164
569,11.217944444444443,0.5341944444444451,3,2495.0106944444387
570,11.752138888888888,0.5341944444444451,3,2506.4957361111055
571,12.286333333333333,0.5341666666666658,3,2518.514972222217
572,12.8205,0.5341944444444451,3,2531.0683888888834
573,13.354694444444444,0.5341944444444451,3,2544.1559861111054
574,13.88888888888889,0.0,3,2557.777777777772
575,13.88888888888889,0.0,3,2571.6666666666606
576,13.88888888888889,0.0,3,2585.5555555555493
577,13.88888888888889,0.0,3,2599.444444444438
578,13.88888888888889,0.0,3,2613.3333333333267
579,13.88888888888889,0.0,3,2627.2222222222154
580,13.88888888888889,0.0,3,2641.111111111104
581,13.88888888888889,0.0,3,2654.9999999999927
582,13.88888888888889,0.0,3,2668.8888888888814
583,13.88888888888889,0.0,3,2682.77777777777
584,13.88888888888889,0.0,3,2696.666666666659
585,13.88888888888889,0.0,3,2710.5555555555475
586,13.88888888888889,-0.5208333333333339,3,2724.444444444436
587,13.368055555555555,-0.5208333333333339,3,2738.0729166666583
588,12.847222222222221,-0.5208333333333321,3,2751.180555555547
589,12.32638888888889,-0.5208333333333339,3,2763.7673611111027
590,11.805555555555555,-0.5208333333333339,3,2775.833333333325
591,11.284722222222221,-0.5208333333333321,3,2787.3784722222135
592,10.76388888888889,-0.5208333333333339,2,2798.402777777769
593,10.243055555555555,-0.5208333333333339,2,2808.9062499999914
594,9.722222222222221,0.0,2,2818.88888888888
595,9.722222222222221,0.0,2,2828.611111111102
596,9.722222222222221,0.0,2,2838.3333333333244
597,9.722222222222221,0.0,2,2848.0555555555466
598,9.722222222222221,0.0,2,2857.7777777777687
599,9.722222222222221,0.0,2,2867.499999999991
600,9.722222222222221,0.0,2,2877.222222222213
601,9.722222222222221,0.0,2,2886.9444444444352
602,9.722222222222221,0.0,2,2896.6666666666574
603,9.722222222222221,0.0,2,2906.3888888888796
604,9.722222222222221,0.0,2,2916.1111111111018
605,9.722222222222221,0.0,2,2925.833333333324
606,9.722222222222221,0.0,2,2935.555555555546
607,9.722222222222221,0.0,2,2945.2777777777683
608,9.722222222222221,0.0,2,2954.9999999999905
609,9.722222222222221,-0.9722222222222214,2,2964.7222222222126
610,8.75,-0.9722222222222223,2,2973.958333333324
611,7.777777777777778,-0.9722222222222223,2,2982.2222222222126
612,6.805555555555555,-0.9722222222222223,2,2989.513888888879
613,5.833333333333333,-0.9722222222222223,1,2995.8333333333235
614,4.861111111111111,-0.9722222222222219,1,3001.1805555555457
615,3.888888888888889,-0.9722222222222223,1,3005.5555555555457
616,2.9166666666666665,-0.9722222222222221,1,3008.9583333333235
617,1.9444444444444444,-0.9722222222222222,1,3011.388888888879
618,0.9722222222222222,-0.9722222222222222,0,3012.8472222222126
619,0.0,0.0,0,3013.333333333324
620,0.0,0.0,0,3013.333333333324
621,0.0,0.0,0,3013.333333333324
622,0.0,0.0,0,3013.333333333324
623,0.0,0.0,0,3013.333333333324
624,0.0,0.0,0,3013.333333333324
625,0.0,0.0,0,3013.333333333324
626,0.0,0.0,0,3013.333333333324
627,0.0,0.0,0,3013.333333333324
628,0.0,0.0,0,3013.333333333324
629,0.0,0.0,0,3013.333333333324
630,0.0,0.0,0,3013.333333333324
631,0.0,0.0,0,3013.333333333324
632,0.0,0.0,0,3013.333333333324
633,0.0,0.0,0,3013.333333333324
634,0.0,0.0,0,3013.333333333324
635,0.0,0.0,0,3013.333333333324
636,0.0,0.0,0,3013.333333333324
637,0.0,1.0416666666666667,0,3013.333333333324
638,1.0416666666666667,1.0416666666666667,1,3013.8541666666574
639,2.0833333333333335,1.0416666666666665,1,3015.4166666666574
640,3.125,1.041666666666667,1,3018.020833333324
641,4.166666666666667,0.0,1,3021.6666666666574
642,4.166666666666667,0.0,1,3025.833333333324
643,4.166666666666667,0.0,1,3029.9999999999905
644,4.166666666666667,0.0,1,3034.166666666657
645,4.166666666666667,0.0,1,3038.3333333333235
646,4.166666666666667,0.0,1,3042.49999999999
647,4.166666666666667,0.0,1,3046.6666666666565
648,4.166666666666667,0.0,1,3050.833333333323
649,4.166666666666667,-0.6944444444444446,1,3054.9999999999895
650,3.4722222222222223,-0.6944444444444446,1,3058.819444444434
651,2.7777777777777777,-0.9259166666666667,1,3061.944444444434
652,1.851861111111111,-0.9259444444444443,1,3064.259263888878
653,0.9259166666666666,-0.9259166666666666,0,3065.648152777767
654,0.0,0.0,0,3066.1111111111004
655,0.0,0.0,0,3066.1111111111004
656,0.0,0.0,0,3066.1111111111004
657,0.0,0.0,0,3066.1111111111004
658,0.0,0.0,0,3066.1111111111004
659,0.0,0.0,0,3066.1111111111004
660,0.0,0.0,0,3066.1111111111004
661,0.0,0.0,0,3066.1111111111004
662,0.0,0.0,0,3066.1111111111004
663,0.0,0.0,0,3066.1111111111004
664,0.0,0.0,0,3066.1111111111004
665,0.0,0.0,0,3066.1111111111004
666,0.0,0.0,0,3066.1111111111004
667,0.0,0.0,0,3066.1111111111004
668,0.0,0.0,0,3066.1111111111004
669,0.0,0.0,0,3066.1111111111004
670,0.0,0.0,0,3066.1111111111004
671,0.0,0.0,0,3066.1111111111004
672,0.0,0.0,0,3066.1111111111004
673,0.0,0.0,0,3066.1111111111004
674,0.0,0.0,0,3066.1111111111004
675,0.0,0.74075,0,3066.1111111111004
676,0.74075,0.7407222222222223,1,3066.4814861111004
677,1.4814722222222223,0.74075,1,3067.5925972222117
678,2.2222222222222223,0.7407499999999998,1,3069.444444444434
679,2.962972222222222,0.7407222222222223,1,3072.037041666656
680,3.7036944444444444,0.7407500000000002,1,3075.3703749999895
681,4.444444444444445,0.7407499999999994,1,3079.444444444434
682,5.185194444444444,0.7407222222222227,1,3084.259263888878
683,5.925916666666667,0.7407499999999994,1,3089.814819444434
684,6.666666666666666,0.7407500000000002,1,3096.1111111111004
685,7.407416666666666,0.7407222222222227,1,3103.148152777767
686,8.148138888888889,0.7407500000000002,1,3110.9259305555447
687,8.88888888888889,0.0,2,3119.4444444444334
688,8.88888888888889,0.0,2,3128.333333333322
689,8.88888888888889,0.0,2,3137.222222222211
690,8.88888888888889,0.0,2,3146.1111111110995
691,8.88888888888889,0.0,2,3154.999999999988
692,8.88888888888889,0.0,2,3163.888888888877
693,8.88888888888889,0.0,2,3172.7777777777656
694,8.88888888888889,0.0,2,3181.6666666666542
695,8.88888888888889,0.0,2,3190.555555555543
696,8.88888888888889,0.0,2,3199.4444444444316
697,8.88888888888889,0.0,2,3208.3333333333203
698,8.88888888888889,0.0,2,3217.222222222209
699,8.88888888888889,0.0,2,3226.1111111110977
700,8.88888888888889,0.0,2,3234.9999999999864
701,8.88888888888889,0.0,2,3243.888888888875
702,8.88888888888889,0.0,2,3252.7777777777637
703,8.88888888888889,0.0,2,3261.6666666666524
704,8.88888888888889,0.0,2,3270.555555555541
705,8.88888888888889,0.0,2,3279.44444444443
706,8.88888888888889,0.0,2,3288.3333333333185
707,8.88888888888889,0.0,2,3297.222222222207
708,8.88888888888889,0.0,2,3306.111111111096
709,8.88888888888889,0.0,2,3314.9999999999845
710,8.88888888888889,0.0,2,3323.888888888873
711,8.88888888888889,-0.8080833333333342,2,3332.777777777762
712,8.080805555555555,-0.8080833333333333,2,3341.262624999984
713,7.272722222222222,-0.8080833333333333,2,3348.9393888888726
714,6.464638888888889,-0.8080833333333324,1,3355.808069444428
715,5.656555555555556,-0.8080833333333342,1,3361.8686666666504
716,4.848472222222222,-0.8080555555555557,1,3367.1211805555395
717,4.040416666666666,-0.8080833333333333,1,3371.565624999984
718,3.232333333333333,-0.8080833333333333,1,3375.201999999984
719,2.42425,-0.8080833333333333,1,3378.0302916666506
720,1.6161666666666665,-0.8080833333333333,0,3380.050499999984
721,0.8080833333333333,-0.8080833333333333,0,3381.262624999984
722,0.0,0.0,0,3381.6666666666506
723,0.0,0.0,0,3381.6666666666506
724,0.0,0.0,0,3381.6666666666506
725,0.0,0.0,0,3381.6666666666506
726,0.0,0.0,0,3381.6666666666506
727,0.0,0.0,0,3381.6666666666506
728,0.0,0.0,0,3381.6666666666506
729,0.0,0.0,0,3381.6666666666506
730,0.0,0.0,0,3381.6666666666506
731,0.0,0.0,0,3381.6666666666506
732,0.0,0.0,0,3381.6666666666506
733,0.0,0.0,0,3381.6666666666506
734,0.0,0.0,0,3381.6666666666506
735,0.0,0.0,0,3381.6666666666506
736,0.0,0.0,0,3381.6666666666506
737,0.0,0.0,0,3381.6666666666506
738,0.0,0.0,0,3381.6666666666506
739,0.0,0.0,0,3381.6666666666506
740,0.0,0.0,0,3381.6666666666506
741,0.0,0.0,0,3381.6666666666506
742,0.0,0.0,0,3381.6666666666506
743,0.0,0.5341944444444444,0,3381.6666666666506
744,0.5341944444444444,0.5341944444444444,1,3381.933763888873
745,1.0683888888888888,0.5341666666666667,1,3382.7350555555395
746,1.6025555555555555,0.5341944444444446,1,3384.0705277777615
747,2.13675,0.5341944444444442,1,3385.9401805555394
748,2.6709444444444443,0.5341944444444446,1,3388.3440277777618
749,3.205138888888889,0.5341666666666662,1,3391.2820694444285
750,3.739305555555555,0.5341944444444451,1,3394.7542916666507
751,4.2735,0.5341944444444442,1,3398.7606944444283
752,4.8076944444444445,0.5341944444444442,1,3403.3012916666503
753,5.341888888888889,0.5341666666666667,1,3408.3760833333167
754,5.876055555555555,0.5341944444444442,1,3413.985055555539
755,6.41025,0.5341944444444451,1,3420.1282083333167
756,6.944444444444445,0.5341944444444442,1,3426.805555555539
757,7.478638888888889,0.5341944444444442,1,3434.0170972222054
758,8.012833333333333,0.5341666666666676,1,3441.7628333333164
759,8.547,0.5341944444444451,2,3450.0427499999832
760,9.081194444444446,0.5341944444444433,2,3458.8568472222055
761,9.615388888888889,0.5341944444444433,2,3468.205138888872
762,10.149583333333332,0.5341666666666676,2,3478.0876249999833
763,10.68375,0.5341944444444433,2,3488.50429166665
764,11.217944444444443,0.5341944444444451,3,3499.455138888872
765,11.752138888888888,0.5341944444444451,3,3510.940180555539
766,12.286333333333333,0.5341666666666658,3,3522.95941666665
767,12.8205,0.5341944444444451,3,3535.512833333317
768,13.354694444444444,0.5341944444444451,3,3548.600430555539
769,13.88888888888889,0.0,3,3562.2222222222053
770,13.88888888888889,0.0,3,3576.111111111094
771,13.88888888888889,0.0,3,3589.9999999999827
772,13.88888888888889,0.0,3,3603.8888888888714
773,13.88888888888889,0.0,3,3617.77777777776
774,13.88888888888889,0.0,3,3631.666666666649
775,13.88888888888889,0.0,3,3645.5555555555375
776,13.88888888888889,0.0,3,3659.444444444426
777,13.88888888888889,0.0,3,3673.333333333315
778,13.88888888888889,0.0,3,3687.2222222222035
779,13.88888888888889,0.0,3,3701.111111111092
780,13.88888888888889,0.0,3,3714.999999999981
781,13.88888888888889,-0.5208333333333339,3,3728.8888888888696
782,13.368055555555555,-0.5208333333333339,3,3742.5173611110918
783,12.847222222222221,-0.5208333333333321,3,3755.6249999999804
784,12.32638888888889,-0.5208333333333339,3,3768.211805555536
785,11.805555555555555,-0.5208333333333339,3,3780.2777777777583
786,11.284722222222221,-0.5208333333333321,3,3791.822916666647
787,10.76388888888889,-0.5208333333333339,2,3802.8472222222026
788,10.243055555555555,-0.5208333333333339,2,3813.350694444425
789,9.722222222222221,0.0,2,3823.3333333333135
790,9.722222222222221,0.0,2,3833.0555555555356
791,9.722222222222221,0.0,2,3842.777777777758
792,9.722222222222221,0.0,2,3852.49999999998
793,9.722222222222221,0.0,2,3862.222222222202
794,9.722222222222221,0.0,2,3871.9444444444243
795,9.722222222222221,0.0,2,3881.6666666666465
796,9.722222222222221,0.0,2,3891.3888888888687
797,9.722222222222221,0.0,2,3901.111111111091
798,9.722222222222221,0.0,2,3910.833333333313
799,9.722222222222221,0.0,2,3920.555555555535
800,9.722222222222221,0.0,2,3930.2777777777574
801,9.722222222222221,0.0,2,3939.9999999999795
802,9.722222222222221,0.0,2,3949.7222222222017
803,9.722222222222221,0.0,2,3959.444444444424
804,9.722222222222221,-0.9722222222222214,2,3969.166666666646
805,8.75,-0.9722222222222223,2,3978.4027777777574
806,7.777777777777778,-0.9722222222222223,2,3986.666666666646
807,6.805555555555555,-0.9722222222222223,2,3993.9583333333126
808,5.833333333333333,-0.9722222222222223,1,4000.277777777757
809,4.861111111111111,-0.9722222222222219,1,4005.624999999979
810,3.888888888888889,-0.9722222222222223,1,4009.999999999979
811,2.9166666666666665,-0.9722222222222221,1,4013.402777777757
812,1.9444444444444444,-0.9722222222222222,1,4015.8333333333126
813,0.9722222222222222,-0.9722222222222222,0,4017.291666666646
814,0.0,0.0,0,4017.7777777777574
815,0.0,0.0,0,4017.7777777777574
816,0.0,0.0,0,4017.7777777777574
817,0.0,0.0,0,4017.7777777777574
818,0.0,0.0,0,4017.7777777777574
819,0.0,0.0,0,4017.7777777777574
820,0.0,0.0,0,4017.7777777777574
821,0.0,0.0,0,4017.7777777777574
822,0.0,0.0,0,4017.7777777777574
823,0.0,0.0,0,4017.7777777777574
824,0.0,0.0,0,4017.7777777777574
825,0.0,0.0,0,4017.7777777777574
826,0.0,0.0,0,4017.7777777777574
827,0.0,0.0,0,4017.7777777777574
828,0.0,0.0,0,4017.7777777777574
829,0.0,0.0,0,4017.7777777777574
830,0.0,0.0,0,4017.7777777777574
831,0.0,0.0,0,4017.7777777777574
832,0.0,0.0,0,4017.7777777777574
833,0.0,0.0,0,4017.7777777777574
834,0.0,0.0,0,4017.7777777777574
835,0.0,0.0,0,4017.7777777777574
836,0.0,0.0,0,4017.7777777777574
837,0.0,0.0,0,4017.7777777777574
838,0.0,0.0,0,4017.7777777777574
839,0.0,0.0,0,4017.7777777777574
840,0.0,0.0,0,4017.7777777777574
841,0.0,0.47425,0,4017.7777777777574
842,0.47425,0.47425,1,4018.0149027777575
843,0.9485,0.4742777777777777,1,4018.7262777777573
844,1.4227777777777777,0.47425000000000006,1,4019.9119166666464
845,1.8970277777777778,0.47425000000000006,1,4021.5718194444244
846,2.371277777777778,0.47425000000000006,1,4023.705972222202
847,2.845527777777778,0.4742499999999996,1,4026.31437499998
848,3.3197777777777775,0.47425000000000006,1,4029.3970277777576
849,3.7940277777777776,0.4742777777777776,1,4032.9539305555354
850,4.268305555555555,0.4742500000000005,1,4036.985097222202
851,4.742555555555556,0.4742499999999996,1,4041.4905277777575
852,5.216805555555555,0.4742500000000005,1,4046.470208333313
853,5.691055555555556,0.4742499999999996,1,4051.9241388888686
854,6.165305555555555,0.4742499999999996,1,4057.852319444424
855,6.639555555555555,0.474277777777778,1,4064.2547499999796
856,7.113833333333333,0.4742500000000005,1,4071.1314444444242
857,7.5880833333333335,0.4742499999999996,1,4078.4824027777577
858,8.062333333333333,0.4742499999999996,1,4086.307611111091
859,8.536583333333333,0.4742499999999996,2,4094.6070694444243
860,9.010833333333332,0.4742499999999996,2,4103.380777777757
861,9.485083333333332,0.4742777777777807,2,4112.628736111091
862,9.959361111111113,0.47424999999999784,2,4122.350958333313
863,10.43361111111111,0.4742500000000014,2,4132.547444444424
864,10.907861111111112,0.4742499999999996,2,4143.218180555536
865,11.382111111111112,0.47424999999999784,3,4154.363166666647
866,11.85636111111111,0.4742500000000014,3,4165.982402777758
867,12.33061111111111,0.47427777777777713,3,4178.075888888869
868,12.804888888888888,0.4742500000000014,3,4190.643638888869
869,13.27913888888889,0.4742499999999996,3,4203.685652777757
870,13.753388888888889,0.47424999999999784,3,4217.201916666646
871,14.227638888888887,0.4742500000000014,3,4231.192430555535
872,14.701888888888888,0.4742499999999996,3,4245.657194444424
873,15.176138888888888,0.4742777777777789,3,4260.5962083333125
874,15.650416666666667,0.4742499999999996,3,4276.00948611109
875,16.124666666666666,0.4742500000000014,3,4291.897027777757
876,16.598916666666668,0.47424999999999784,3,4308.258819444423
877,17.073166666666665,0.4742500000000014,3,4325.09486111109
878,17.547416666666667,0.47424999999999784,3,4342.4051527777565
879,18.021666666666665,0.47427777777778246,3,4360.189694444423
880,18.495944444444447,0.4742499999999943,4,4378.448499999979
881,18.97019444444444,0.4742500000000014,4,4397.181569444423
882,19.444444444444443,0.0,4,4416.388888888868
883,19.444444444444443,0.0,4,4435.833333333312
884,19.444444444444443,0.0,4,4455.2777777777565
885,19.444444444444443,0.0,4,4474.722222222201
886,19.444444444444443,0.0,4,4494.166666666645
887,19.444444444444443,0.0,4,4513.6111111110895
888,19.444444444444443,0.0,4,4533.055555555534
889,19.444444444444443,0.0,4,4552.499999999978
890,19.444444444444443,0.0,4,4571.9444444444225
891,19.444444444444443,0.0,4,4591.388888888867
892,19.444444444444443,0.0,4,4610.833333333311
893,19.444444444444443,0.0,4,4630.277777777756
894,19.444444444444443,0.0,4,4649.7222222222
895,19.444444444444443,0.0,4,4669.166666666644
896,19.444444444444443,0.0,4,4688.611111111089
897,19.444444444444443,0.0,4,4708.055555555533
898,19.444444444444443,0.0,4,4727.499999999977
899,19.444444444444443,0.0,4,4746.944444444422
900,19.444444444444443,0.0,4,4766.388888888866
901,19.444444444444443,0.0,4,4785.83333333331
902,19.444444444444443,0.0,4,4805.277777777755
903,19.444444444444443,0.0,4,4824.722222222199
904,19.444444444444443,0.0,4,4844.166666666643
905,19.444444444444443,0.0,4,4863.611111111088
906,19.444444444444443,0.0,4,4883.055555555532
907,19.444444444444443,0.0,4,4902.499999999976
908,19.444444444444443,0.0,4,4921.944444444421
909,19.444444444444443,0.0,4,4941.388888888865
910,19.444444444444443,0.0,4,4960.833333333309
911,19.444444444444443,0.0,4,4980.277777777754
912,19.444444444444443,0.0,4,4999.722222222198
913,19.444444444444443,0.0,4,5019.166666666642
914,19.444444444444443,0.0,4,5038.611111111087
915,19.444444444444443,0.0,4,5058.055555555531
916,19.444444444444443,0.0,4,5077.499999999975
917,19.444444444444443,0.0,4,5096.94444444442
918,19.444444444444443,0.0,4,5116.388888888864
919,19.444444444444443,0.0,4,5135.8333333333085
920,19.444444444444443,0.0,4,5155.277777777753
921,19.444444444444443,0.0,4,5174.722222222197
922,19.444444444444443,0.0,4,5194.1666666666415
923,19.444444444444443,0.0,4,5213.611111111086
924,19.444444444444443,0.0,4,5233.05555555553
925,19.444444444444443,0.0,4,5252.4999999999745
926,19.444444444444443,0.0,4,5271.944444444419
927,19.444444444444443,0.0,4,5291.388888888863
928,19.444444444444443,0.0,4,5310.833333333308
929,19.444444444444443,0.0,4,5330.277777777752
930,19.444444444444443,0.0,4,5349.722222222196
931,19.444444444444443,0.0,4,5369.166666666641
932,19.444444444444443,-0.6944444444444429,4,5388.611111111085
933,18.75,-0.6944444444444464,4,5407.708333333308
934,18.055555555555554,-0.6944444444444429,4,5426.111111111085
935,17.36111111111111,-0.6944444444444429,3,5443.819444444418
936,16.666666666666668,-0.6944444444444464,3,5460.833333333307
937,15.972222222222221,-0.6944444444444446,3,5477.152777777751
938,15.277777777777777,-0.6944444444444446,3,5492.777777777751
939,14.583333333333332,-0.6944444444444429,3,5507.708333333307
940,13.88888888888889,0.0,3,5521.944444444418
941,13.88888888888889,0.0,3,5535.833333333307
942,13.88888888888889,0.0,3,5549.722222222195
943,13.88888888888889,0.0,3,5563.611111111084
944,13.88888888888889,0.0,3,5577.499999999973
945,13.88888888888889,0.0,3,5591.388888888861
946,13.88888888888889,0.0,3,5605.27777777775
947,13.88888888888889,0.0,3,5619.166666666639
948,13.88888888888889,0.0,3,5633.0555555555275
949,13.88888888888889,0.0,3,5646.944444444416
950,13.88888888888889,0.0,3,5660.833333333305
951,13.88888888888889,0.0,3,5674.7222222221935
952,13.88888888888889,0.0,3,5688.611111111082
953,13.88888888888889,0.0,3,5702.499999999971
954,13.88888888888889,0.0,3,5716.38888888886
955,13.88888888888889,0.0,3,5730.277777777748
956,13.88888888888889,0.0,3,5744.166666666637
957,13.88888888888889,0.0,3,5758.055555555526
958,13.88888888888889,0.0,3,5771.944444444414
959,13.88888888888889,0.0,3,5785.833333333303
960,13.88888888888889,0.0,3,5799.722222222192
961,13.88888888888889,0.0,3,5813.61111111108
962,13.88888888888889,0.0,3,5827.499999999969
963,13.88888888888889,0.0,3,5841.388888888858
964,13.88888888888889,0.0,3,5855.277777777746
965,13.88888888888889,0.0,3,5869.166666666635
966,13.88888888888889,0.0,3,5883.055555555524
967,13.88888888888889,0.0,3,5896.9444444444125
968,13.88888888888889,0.0,3,5910.833333333301
969,13.88888888888889,0.0,3,5924.72222222219
970,13.88888888888889,0.0,3,5938.611111111079
971,13.88888888888889,0.0,3,5952.499999999967
972,13.88888888888889,0.0,3,5966.388888888856
973,13.88888888888889,0.0,3,5980.277777777745
974,13.88888888888889,0.0,3,5994.166666666633
975,13.88888888888889,0.0,3,6008.055555555522
976,13.88888888888889,0.0,3,6021.944444444411
977,13.88888888888889,0.0,3,6035.833333333299
978,13.88888888888889,0.0,3,6049.722222222188
979,13.88888888888889,0.0,3,6063.611111111077
980,13.88888888888889,0.0,3,6077.499999999965
981,13.88888888888889,0.0,3,6091.388888888854
982,13.88888888888889,0.0,3,6105.277777777743
983,13.88888888888889,0.0,3,6119.1666666666315
984,13.88888888888889,0.0,3,6133.05555555552
985,13.88888888888889,0.0,3,6146.944444444409
986,13.88888888888889,0.0,3,6160.833333333298
987,13.88888888888889,0.0,3,6174.722222222186
988,13.88888888888889,0.0,3,6188.611111111075
989,13.88888888888889,0.0,3,6202.499999999964
990,13.88888888888889,0.0,3,6216.388888888852
991,13.88888888888889,0.0,3,6230.277777777741
992,13.88888888888889,0.0,3,6244.16666666663
993,13.88888888888889,0.0,3,6258.055555555518
994,13.88888888888889,0.0,3,6271.944444444407
995,13.88888888888889,0.0,3,6285.833333333296
996,13.88888888888889,0.0,3,6299.722222222184
997,13.88888888888889,0.0,3,6313.611111111073
998,13.88888888888889,0.0,3,6327.499999999962
999,13.88888888888889,0.0,3,6341.3888888888505
1000,13.88888888888889,0.0,3,6355.277777777739
1001,13.88888888888889,0.0,3,6369.166666666628
1002,13.88888888888889,0.0,3,6383.055555555517
1003,13.88888888888889,0.0,3,6396.944444444405
1004,13.88888888888889,0.0,3,6410.833333333294
1005,13.88888888888889,0.0,3,6424.722222222183
1006,13.88888888888889,0.0,3,6438.611111111071
1007,13.88888888888889,0.0,3,6452.49999999996
1008,13.88888888888889,0.0,3,6466.388888888849
1009,13.88888888888889,0.42777777777777715,3,6480.277777777737
1010,14.316666666666666,0.42777777777777715,3,6494.3805555555155
1011,14.744444444444444,0.42777777777777715,3,6508.911111111071
1012,15.17222222222222,0.4250000000000007,3,6523.869444444404
1013,15.597222222222221,0.42777777777777715,3,6539.254166666626
1014,16.025,0.42777777777777715,3,6555.065277777737
1015,16.452777777777776,0.4277777777777807,3,6571.304166666626
1016,16.880555555555556,0.42777777777777715,3,6587.970833333293
1017,17.308333333333334,0.42777777777777715,3,6605.065277777738
1018,17.73611111111111,0.42499999999999716,3,6622.58749999996
1019,18.161111111111108,0.4277777777777807,4,6640.536111111071
1020,18.58888888888889,0.42777777777777715,4,6658.911111111071
1021,19.016666666666666,0.42777777777777715,4,6677.7138888888485
1022,19.444444444444443,0.0,4,6696.944444444404
1023,19.444444444444443,0.0,4,6716.388888888849
1024,19.444444444444443,0.0,4,6735.833333333293
1025,19.444444444444443,0.0,4,6755.277777777737
1026,19.444444444444443,0.0,4,6774.722222222182
1027,19.444444444444443,0.0,4,6794.166666666626
1028,19.444444444444443,0.0,4,6813.61111111107
1029,19.444444444444443,0.0,4,6833.055555555515
1030,19.444444444444443,0.0,4,6852.499999999959
1031,19.444444444444443,0.0,4,6871.944444444403
1032,19.444444444444443,0.0,4,6891.388888888848
1033,19.444444444444443,0.0,4,6910.833333333292
1034,19.444444444444443,0.0,4,6930.277777777736
1035,19.444444444444443,0.0,4,6949.722222222181
1036,19.444444444444443,0.0,4,6969.166666666625
1037,19.444444444444443,0.0,4,6988.6111111110695
1038,19.444444444444443,0.0,4,7008.055555555514
1039,19.444444444444443,0.0,4,7027.499999999958
1040,19.444444444444443,0.0,4,7046.9444444444025
1041,19.444444444444443,0.0,4,7066.388888888847
1042,19.444444444444443,0.0,4,7085.833333333291
1043,19.444444444444443,0.0,4,7105.2777777777355
1044,19.444444444444443,0.0,4,7124.72222222218
1045,19.444444444444443,0.0,4,7144.166666666624
1046,19.444444444444443,0.0,4,7163.611111111069
1047,19.444444444444443,0.0,4,7183.055555555513
1048,19.444444444444443,0.0,4,7202.499999999957
1049,19.444444444444443,0.0,4,7221.944444444402
1050,19.444444444444443,0.0,4,7241.388888888846
1051,19.444444444444443,0.0,4,7260.83333333329
1052,19.444444444444443,0.0,4,7280.277777777735
1053,19.444444444444443,0.0,4,7299.722222222179
1054,19.444444444444443,0.0,4,7319.166666666623
1055,19.444444444444443,0.0,4,7338.611111111068
1056,19.444444444444443,0.0,4,7358.055555555512
1057,19.444444444444443,0.0,4,7377.499999999956
1058,19.444444444444443,0.0,4,7396.944444444401
1059,19.444444444444443,0.0,4,7416.388888888845
1060,19.444444444444443,0.0,4,7435.833333333289
1061,19.444444444444443,0.0,4,7455.277777777734
1062,19.444444444444443,0.0,4,7474.722222222178
1063,19.444444444444443,0.0,4,7494.166666666622
1064,19.444444444444443,0.0,4,7513.611111111067
1065,19.444444444444443,0.0,4,7533.055555555511
1066,19.444444444444443,0.0,4,7552.499999999955
1067,19.444444444444443,0.0,4,7571.9444444444
1068,19.444444444444443,0.0,4,7591.388888888844
1069,19.444444444444443,0.0,4,7610.8333333332885
1070,19.444444444444443,0.0,4,7630.277777777733
1071,19.444444444444443,0.0,4,7649.722222222177
1072,19.444444444444443,0.2388888888888907,4,7669.1666666666215
1073,19.683333333333334,0.23611111111110716,4,7688.73055555551
1074,19.91944444444444,0.2388888888888907,4,7708.531944444399
1075,20.15833333333333,0.2388888888888907,5,7728.570833333289
1076,20.397222222222222,0.2388888888888907,5,7748.848611111066
1077,20.636111111111113,0.23611111111111072,5,7769.365277777732
1078,20.872222222222224,0.23888888888888715,5,7790.119444444399
1079,21.11111111111111,0.23888888888888715,5,7811.111111111066
1080,21.349999999999998,0.23611111111111072,5,7832.341666666622
1081,21.58611111111111,0.2388888888888907,5,7853.809722222177
1082,21.825,0.2388888888888907,5,7875.515277777732
1083,22.06388888888889,0.2388888888888907,5,7897.459722222176
1084,22.30277777777778,0.23611111111110716,5,7919.64305555551
1085,22.538888888888888,0.2388888888888907,5,7942.063888888843
1086,22.77777777777778,0.23888888888888715,5,7964.722222222177
1087,23.016666666666666,0.23611111111111072,5,7987.619444444399
1088,23.252777777777776,0.23888888888888715,5,8010.754166666621
1089,23.491666666666664,0.23888888888889426,5,8034.126388888843
1090,23.730555555555558,0.23888888888888715,5,8057.737499999955
1091,23.969444444444445,0.23611111111111072,5,8081.587499999955
1092,24.205555555555556,0.23888888888888715,5,8105.674999999955
1093,24.444444444444443,0.2388888888888907,5,8129.9999999999545
1094,24.683333333333334,0.23611111111110716,5,8154.563888888843
1095,24.91944444444444,0.2388888888888907,5,8179.365277777732
1096,25.15833333333333,0.2388888888888907,5,8204.404166666622
1097,25.397222222222222,0.2388888888888907,5,8229.681944444399
1098,25.636111111111113,0.23611111111110716,5,8255.198611111065
1099,25.87222222222222,0.2388888888888907,5,8280.952777777733
1100,26.11111111111111,0.23888888888888715,5,8306.9444444444
1101,26.349999999999998,0.23611111111111072,5,8333.174999999956
1102,26.58611111111111,0.23888888888888715,5,8359.64305555551
1103,26.824999999999996,0.23888888888889426,5,8386.348611111067
1104,27.06388888888889,0.23888888888888715,5,8413.293055555512
1105,27.302777777777777,0.23611111111111072,5,8440.476388888845
1106,27.538888888888888,0.2388888888888907,5,8467.897222222178
1107,27.77777777777778,0.0,5,8495.555555555511
1108,27.77777777777778,0.0,5,8523.333333333288
1109,27.77777777777778,0.0,5,8551.111111111066
1110,27.77777777777778,0.0,5,8578.888888888843
1111,27.77777777777778,0.0,5,8606.66666666662
1112,27.77777777777778,0.0,5,8634.444444444398
1113,27.77777777777778,0.0,5,8662.222222222175
1114,27.77777777777778,0.0,5,8689.999999999953
1115,27.77777777777778,0.0,5,8717.77777777773
1116,27.77777777777778,0.0,5,8745.555555555507
1117,27.77777777777778,0.0,5,8773.333333333285
1118,27.77777777777778,0.0,5,8801.111111111062
1119,27.77777777777778,0.0,5,8828.88888888884
1120,27.77777777777778,0.0,5,8856.666666666617
1121,27.77777777777778,0.0,5,8884.444444444394
1122,27.77777777777778,0.0,5,8912.222222222172
1123,27.77777777777778,0.0,5,8939.999999999949
1124,27.77777777777778,0.0,5,8967.777777777726
1125,27.77777777777778,0.0,5,8995.555555555504
1126,27.77777777777778,0.0,5,9023.333333333281
1127,27.77777777777778,0.0,5,9051.111111111059
1128,27.77777777777778,0.0,5,9078.888888888836
1129,27.77777777777778,0.0,5,9106.666666666613
1130,27.77777777777778,0.0,5,9134.44444444439
1131,27.77777777777778,0.0,5,9162.222222222168
1132,27.77777777777778,0.0,5,9189.999999999945
1133,27.77777777777778,0.0,5,9217.777777777723
1134,27.77777777777778,0.0,5,9245.5555555555
1135,27.77777777777778,0.0,5,9273.333333333278
1136,27.77777777777778,0.0,5,9301.111111111055
1137,27.77777777777778,0.277777777777775,5,9328.888888888832
1138,28.055555555555554,0.27777777777777857,5,9356.805555555498
1139,28.333333333333332,0.27777777777777857,5,9384.999999999944
1140,28.61111111111111,0.27777777777777857,5,9413.472222222166
1141,28.88888888888889,0.277777777777775,5,9442.222222222166
1142,29.166666666666664,0.27777777777777857,5,9471.249999999944
1143,29.444444444444443,0.27777777777777857,5,9500.555555555498
1144,29.72222222222222,0.27777777777777857,5,9530.138888888832
1145,30.0,0.27777777777777857,5,9559.999999999944
1146,30.27777777777778,0.277777777777775,5,9590.138888888832
1147,30.555555555555554,0.27777777777777857,5,9620.555555555498
1148,30.833333333333332,0.27777777777777857,5,9651.249999999944
1149,31.11111111111111,0.27777777777777857,5,9682.222222222166
1150,31.38888888888889,0.277777777777775,5,9713.472222222166
1151,31.666666666666664,0.27777777777777857,5,9744.999999999944
1152,31.944444444444443,0.27777777777777857,5,9776.805555555498
1153,32.22222222222222,0.27777777777777857,5,9808.888888888832
1154,32.5,0.27777777777777857,5,9841.249999999944
1155,32.77777777777778,0.27777777777777857,5,9873.888888888832
1156,33.05555555555556,0.27777777777777857,5,9906.805555555498
1157,33.333333333333336,0.0,5,9939.999999999944
1158,33.333333333333336,0.0,5,9973.333333333278
1159,33.333333333333336,0.0,5,10006.666666666611
1160,33.333333333333336,0.0,5,10039.999999999945
1161,33.333333333333336,0.0,5,10073.33333333328
1162,33.333333333333336,0.0,5,10106.666666666613
1163,33.333333333333336,0.0,5,10139.999999999947
1164,33.333333333333336,0.0,5,10173.333333333281
1165,33.333333333333336,0.0,5,10206.666666666615
1166,33.333333333333336,0.0,5,10239.999999999949
1167,33.333333333333336,-0.69444444444445,5,10273.333333333283
1168,32.638888888888886,-0.6944444444444429,5,10306.319444444394
1169,31.944444444444443,-0.6944444444444429,5,10338.61111111106
1170,31.25,-0.6944444444444464,5,10370.208333333283
1171,30.555555555555554,-0.6944444444444429,5,10401.11111111106
1172,29.86111111111111,-0.6944444444444464,5,10431.319444444394
1173,29.166666666666664,-0.6944444444444429,5,10460.833333333283
1174,28.47222222222222,-0.6944444444444429,5,10489.652777777728
1175,27.77777777777778,-0.6944444444444464,5,10517.777777777728
1176,27.083333333333332,-0.6944444444444429,5,10545.208333333283
1177,26.38888888888889,-0.6944444444444464,5,10571.944444444394
1178,25.694444444444443,-0.6944444444444429,5,10597.98611111106
1179,25.0,-0.6944444444444464,5,10623.333333333283
1180,24.305555555555554,-0.6944444444444429,5,10647.98611111106
1181,23.61111111111111,-0.6944444444444429,5,10671.944444444394
1182,22.916666666666668,-0.6944444444444464,5,10695.208333333283
1183,22.22222222222222,-1.0416666666666679,5,10717.777777777728
1184,21.180555555555554,-1.0416666666666643,5,10739.479166666617
1185,20.13888888888889,-1.0416666666666679,5,10760.13888888884
1186,19.09722222222222,-1.0416666666666679,4,10779.756944444394
1187,18.055555555555554,-1.0416666666666643,4,10798.333333333283
1188,17.01388888888889,-1.0416666666666679,3,10815.868055555506
1189,15.972222222222221,-1.041666666666666,3,10832.36111111106
1190,14.930555555555555,-1.041666666666666,3,10847.812499999949
1191,13.88888888888889,-1.3888888888888893,3,10862.222222222172
1192,12.5,-1.3888888888888893,3,10875.416666666617
1193,11.11111111111111,-1.3888888888888893,3,10887.222222222172
1194,9.722222222222221,-1.3888888888888875,2,10897.638888888838
1195,8.333333333333334,-1.3888888888888893,2,10906.666666666615
1196,6.944444444444445,-1.3888888888888893,2,10914.305555555504
1197,5.555555555555555,-1.3888888888888884,1,10920.555555555504
1198,4.166666666666667,-1.3888888888888893,1,10925.416666666615
1199,2.7777777777777777,-1.3888888888888888,1,10928.888888888838
1200,1.3888888888888888,-1.3888888888888888,0,10930.972222222172
1201,0.0,0.0,0,10931.666666666617
1202,0.0,0.0,0,10931.666666666617
1203,0.0,0.0,0,10931.666666666617
1204,0.0,0.0,0,10931.666666666617
1205,0.0,0.0,0,10931.666666666617
1206,0.0,0.0,0,10931.666666666617
1207,0.0,0.0,0,10931.666666666617
1208,0.0,0.0,0,10931.666666666617
1209,0.0,0.0,0,10931.666666666617
1210,0.0,0.0,0,10931.666666666617
1211,0.0,0.0,0,10931.666666666617
1212,0.0,0.0,0,10931.666666666617
1213,0.0,0.0,0,10931.666666666617
1214,0.0,0.0,0,10931.666666666617
1215,0.0,0.0,0,10931.666666666617
1216,0.0,0.0,0,10931.666666666617
1217,0.0,0.0,0,10931.666666666617
1218,0.0,0.0,0,10931.666666666617
1219,0.0,0.0,0,10931.666666666617
1220,0.0,0.0,0,10931.666666666617
1221,0,0,0,10932.666666666617
